Hit	E-Value	Contig	PROKKA Annotation
Col(MG828)_1__NC_008486	1.12087e-103	NODE_529_length_537_cov_694.042847	
IncI1_1_Alpha_AP005147	5.69932e-66	NODE_794_length_5612_cov_155.108521	
IncFII(pRSB107)_1_pRSB107_AJ851089	1.46107e-127	NODE_1877_length_2024_cov_137.479736	
IncFIB(AP001918)_1__AP001918	0.0	NODE_3337_length_2019_cov_185.751862	
